,Metric,Value
0,RD,0.05924596050269293
1,RDg,0
2,OD,0.35643564356435703
3,ODg,0.0
4,PD,0
5,ED,0.001945890263712613
6,NDCG,0.9974324237690512
7,kendall_tau,0.3746948941469489
8,group_counts,"[0.5, 0.5]"
9,runtime,0.24275517463684082
