,Metric,Value
0,RD,0.05924596050269293
1,RDg,0
2,OD,0.45544554455445463
3,ODg,0.0
4,PD,0
5,ED,0.00016849162943799456
6,NDCG,0.9972094389348091
7,kendall_tau,0.3432826899128269
8,group_counts,"[0.5, 0.5]"
9,runtime,0.2979166507720947
