,Metric,Value
0,RD,0.6465201465201466
1,RDg,0
2,OD,1.0
3,ODg,0.0
4,PD,0
5,ED,1.0734430448438794
6,NDCG,0.9667977411791644
7,kendall_tau,-0.20570098894706224
8,group_counts,"[0.23333333333333334, 0.14444444444444443, 0.14444444444444443, 0.14444444444444443, 0.14444444444444443, 0.14444444444444443, 0.044444444444444446]"
9,runtime,0.20954489707946777
