Metric,mean,std
RD,0.6465201465201467,1.1702778228589004e-16
RDg,0.0,0.0
OD,1.0,0.0
ODg,0.0,0.0
PD,0.0,0.0
ED,0.9180506387439653,0.07331676656658623
NDCG,0.9729252352063172,0.0021957672519289898
kendall_tau,-0.15474112856311803,0.024045487806536394
runtime,0.21913044452667232,0.05542056893790168
