,Metric,Value
0,RD,0.05924596050269293
1,RDg,0
2,OD,0.4851485148514847
3,ODg,0.0
4,PD,0
5,ED,0.001957360521139151
6,NDCG,0.9973646234902717
7,kendall_tau,0.3217932752179327
8,group_counts,"[0.5, 0.5]"
9,runtime,0.2704923152923584
