,Metric,Value
0,RD,0.05924596050269293
1,RDg,0
2,OD,0.4851485148514847
3,ODg,0.0
4,PD,0
5,ED,0.0011949319458182117
6,NDCG,0.997352030849444
7,kendall_tau,0.3178381070983811
8,group_counts,"[0.5, 0.5]"
9,runtime,0.19812989234924316
