,Metric,Value
0,RD,0.6465201465201466
1,RDg,0
2,OD,1.0
3,ODg,0.0
4,PD,0
5,ED,0.8324787023957394
6,NDCG,0.9738016041352098
7,kendall_tau,-0.19383362420011632
8,group_counts,"[0.23333333333333334, 0.14444444444444443, 0.14444444444444443, 0.14444444444444443, 0.14444444444444443, 0.14444444444444443, 0.044444444444444446]"
9,runtime,0.35865092277526855
