,Metric,Value
0,RD,0.6465201465201466
1,RDg,0
2,OD,1.0
3,ODg,0.0
4,PD,0
5,ED,1.0287466494491104
6,NDCG,0.9723868012414919
7,kendall_tau,-0.15101803374054681
8,group_counts,"[0.23333333333333334, 0.14444444444444443, 0.14444444444444443, 0.14444444444444443, 0.14444444444444443, 0.14444444444444443, 0.044444444444444446]"
9,runtime,0.17297101020812988
