,Metric,Value
0,RD,0.6465201465201466
1,RDg,0
2,OD,1.0
3,ODg,0.0
4,PD,0
5,ED,0.8922625701072748
6,NDCG,0.9737523150724725
7,kendall_tau,-0.14240837696335076
8,group_counts,"[0.23333333333333334, 0.14444444444444443, 0.14444444444444443, 0.14444444444444443, 0.14444444444444443, 0.14444444444444443, 0.044444444444444446]"
9,runtime,0.2161698341369629
