Metric,mean,std
RD,0.059245960502692915,7.314236392868128e-18
RDg,0.0,0.0
OD,0.4841584158415837,0.06624544246848196
ODg,0.0,0.0
PD,0.0,0.0
ED,0.0011777016392819498,0.0005778671767434023
NDCG,0.9972529365062529,0.00030927625815116075
kendall_tau,0.31757708592777084,0.03810739018329471
runtime,0.23571882247924805,0.040109193624012274
