,Metric,Value
0,RD,0.05924596050269293
1,RDg,0
2,OD,0.6336633663366331
3,ODg,0.0
4,PD,0
5,ED,0.0008824398166495939
6,NDCG,0.9963868005287504
7,kendall_tau,0.2227148194271482
8,group_counts,"[0.5, 0.5]"
9,runtime,0.23611855506896973
