,Metric,Value
0,RD,0.2886134010428406
1,RDg,0
2,OD,0.5990857634537186
3,ODg,0.0
4,PD,0
5,ED,0.0005148405741053352
6,NDCG,0.974983060059014
7,kendall_tau,0.30820919175911254
8,group_counts,"[0.5, 0.5]"
9,runtime,0.11646246910095215
