Metric,mean,std
RD,0.34268777615065654,5.851389114294502e-17
RDg,0.0,0.0
OD,0.6014973171051718,0.04333354274384683
ODg,0.0,0.0
PD,0.0,0.0
ED,0.00039980714133949004,9.026194369560989e-05
NDCG,0.978075320497019,0.0010673922040047277
kendall_tau,0.16092260061919503,0.044480517353160706
runtime,0.28421759605407715,0.0394405852123656
