,Metric,Value
0,RD,0.2886134010428406
1,RDg,0
2,OD,0.3613303890702866
3,ODg,0.0
4,PD,0
5,ED,0.00042587839938335037
6,NDCG,0.9847259424628261
7,kendall_tau,0.41912836767036454
8,group_counts,"[0.5, 0.5]"
9,runtime,0.11690306663513184
