,Metric,Value
0,RD,0.2886134010428406
1,RDg,0
2,OD,0.47960542676670503
3,ODg,0.0
4,PD,0
5,ED,0.0007429240673815229
6,NDCG,0.9845063887367361
7,kendall_tau,0.365324881141046
8,group_counts,"[0.5, 0.5]"
9,runtime,0.10529685020446777
