,Metric,Value
0,RD,0.3426877761506566
1,RDg,0
2,OD,0.6219111076233101
3,ODg,0.0
4,PD,0
5,ED,0.00043769680660155075
6,NDCG,0.9777203226449336
7,kendall_tau,0.1405263157894737
8,group_counts,"[0.34, 0.34, 0.32]"
9,runtime,0.2917165756225586
