Metric,mean,std
RD,0.44893046512301427,5.851389114294502e-17
RDg,0.0,0.0
OD,0.8913971574429826,0.0
ODg,0.0,0.0
PD,0.0,0.0
ED,2.373883543295959,0.1240315869755536
NDCG,0.9419936745760659,0.002227736059766887
kendall_tau,0.05794269340974206,0.01396555320781143
runtime,0.65319344997406,0.19361012187218168
