,Metric,Value
0,RD,0.2886134010428406
1,RDg,0
2,OD,0.3717360990841512
3,ODg,0.0
4,PD,0
5,ED,0.00034596107728646075
6,NDCG,0.9853621424811287
7,kendall_tau,0.4729952456418383
8,group_counts,"[0.5, 0.5]"
9,runtime,0.10552215576171875
