,Metric,Value
0,RD,0.4489304651230142
1,RDg,0
2,OD,0.8913971574429826
3,ODg,0.0
4,PD,0
5,ED,2.599055371118208
6,NDCG,0.943233390665176
7,kendall_tau,0.04243553008595988
8,group_counts,"[0.265, 0.17, 0.17, 0.17, 0.17, 0.055]"
9,runtime,1.0042297840118408
