,Metric,Value
0,RD,0.4489304651230142
1,RDg,0
2,OD,0.8913971574429826
3,ODg,0.0
4,PD,0
5,ED,2.297806263410669
6,NDCG,0.9401431577458578
7,kendall_tau,0.05332378223495701
8,group_counts,"[0.265, 0.17, 0.17, 0.17, 0.17, 0.055]"
9,runtime,0.5417666435241699
