,Metric,Value
0,RD,0.3426877761506566
1,RDg,0
2,OD,0.5090892575659366
3,ODg,0.0
4,PD,0
5,ED,0.00015908599667113776
6,NDCG,0.9811097771504371
7,kendall_tau,0.266656346749226
8,group_counts,"[0.34, 0.34, 0.32]"
9,runtime,0.19768047332763672
