,Metric,Value
0,RD,0.3426877761506566
1,RDg,0
2,OD,0.5305950524993013
3,ODg,0.0
4,PD,0
5,ED,0.0003374109639118217
6,NDCG,0.9778808466602842
7,kendall_tau,0.21835913312693503
8,group_counts,"[0.34, 0.34, 0.32]"
9,runtime,0.28084516525268555
