Metric,mean,std
RD,0.28861340104284056,0.0
RDg,0.0,0.0
OD,0.4055716909145989,0.07613356012546947
ODg,0.0,0.0
PD,0.0,0.0
ED,0.00046378467119292,0.00019356122045874368
NDCG,0.9842622128385277,0.0032918062397366446
kendall_tau,0.43393660855784466,0.058236074083599154
runtime,0.10513164997100825,0.021447248745391424
