,Metric,Value
0,RD,0.2886134010428406
1,RDg,0
2,OD,0.3852787353503723
3,ODg,0.0
4,PD,0
5,ED,0.0008784372073407098
6,NDCG,0.9862338822399264
7,kendall_tau,0.4087321711568938
8,group_counts,"[0.5, 0.5]"
9,runtime,0.15362787246704102
