,Metric,Value
0,RD,0.2702702702702703
1,RDg,0
2,OD,1.0
3,ODg,0.0
4,PD,0
5,ED,0.0010027149391085288
6,NDCG,0.9938522788994828
7,kendall_tau,-0.12227417998317917
8,group_counts,"[0.25, 0.25, 0.25, 0.25]"
9,runtime,3.384068727493286
