Metric,mean,std
RD,0.27027027027027023,0.0
RDg,0.0,0.0
OD,1.0,0.0
ODg,0.0,0.0
PD,0.0,0.0
ED,0.0007521717923637,0.0003559289273474491
NDCG,0.9935559388263359,0.000785744889643491
kendall_tau,-0.14330159798149703,0.023240823522687536
runtime,3.7434624433517456,0.8742456208010214
