,Metric,Value
0,RD,0.2702702702702703
1,RDg,0
2,OD,1.0
3,ODg,0.0
4,PD,0
5,ED,0.0011733599071561684
6,NDCG,0.9917915939502443
7,kendall_tau,-0.1741698906644239
8,group_counts,"[0.25, 0.25, 0.25, 0.25]"
9,runtime,4.8880414962768555
