,Metric,Value
0,RD,0.05405405405405406
1,RDg,0
2,OD,0.4000000000000002
3,ODg,0.0
4,PD,0
5,ED,0.0006377093770879583
6,NDCG,0.9996234520825288
7,kendall_tau,0.7570951054516514
8,group_counts,"[0.5, 0.5]"
9,runtime,2.487189531326294
