,Metric,Value
0,RD,0.2432432432432432
1,RDg,0
2,OD,1.0
3,ODg,0.0
4,PD,0
5,ED,0.0003700007508875558
6,NDCG,0.9939060455497075
7,kendall_tau,-0.20434863235975892
8,group_counts,"[0.14, 0.12666666666666668, 0.12666666666666668, 0.12666666666666668, 0.12666666666666668, 0.12666666666666668, 0.12666666666666668, 0.1]"
9,runtime,6.425965070724487
