,Metric,Value
0,RD,0.05405405405405406
1,RDg,0
2,OD,0.6000000000000006
3,ODg,0.0
4,PD,0
5,ED,0.00021668392756168942
6,NDCG,0.9994467649650801
7,kendall_tau,0.6937636291285316
8,group_counts,"[0.5, 0.5]"
9,runtime,2.3628292083740234
