,Metric,Value
0,RD,0.2702702702702703
1,RDg,0
2,OD,1.0
3,ODg,0.0
4,PD,0
5,ED,0.0006521438524380585
6,NDCG,0.9947423289285794
7,kendall_tau,-0.11290159798149707
8,group_counts,"[0.25, 0.25, 0.25, 0.25]"
9,runtime,5.308295249938965
