,Metric,Value
0,RD,0.05405405405405406
1,RDg,0
2,OD,0.4000000000000002
3,ODg,0.0
4,PD,0
5,ED,0.0074106678783039115
6,NDCG,0.9996679053714802
7,kendall_tau,0.8208619180262635
8,group_counts,"[0.5, 0.5]"
9,runtime,2.011225700378418
