Metric,mean,std
RD,0.054054054054054,0.0
RDg,0.0,0.0
OD,0.42000000000000026,0.06324555320336774
ODg,0.0,0.0
PD,0.0,0.0
ED,0.00653351901644324,0.0036949903111226272
NDCG,0.9996494301533227,7.920954222992522e-05
kendall_tau,0.795416155988858,0.04427722525463671
runtime,1.8702364921569825,0.47570570345691465
