,Metric,Value
0,RD,0.2702702702702703
1,RDg,0
2,OD,1.0
3,ODg,0.0
4,PD,0
5,ED,0.00028721689136546047
6,NDCG,0.9927629583176272
7,kendall_tau,-0.1692043734230446
8,group_counts,"[0.25, 0.25, 0.25, 0.25]"
9,runtime,3.0179898738861084
