,Metric,Value
0,RD,0.2432432432432432
1,RDg,0
2,OD,1.0
3,ODg,0.0
4,PD,0
5,ED,0.0006488694988755483
6,NDCG,0.9943714630143712
7,kendall_tau,-0.17562355122855816
8,group_counts,"[0.14, 0.12666666666666668, 0.12666666666666668, 0.12666666666666668, 0.12666666666666668, 0.12666666666666668, 0.12666666666666668, 0.1]"
9,runtime,13.365944385528564
