,Metric,Value
0,RD,0.2702702702702703
1,RDg,0
2,OD,1.0
3,ODg,0.0
4,PD,0
5,ED,0.0012495894196966617
6,NDCG,0.9936415080984754
7,kendall_tau,-0.14349537426408748
8,group_counts,"[0.25, 0.25, 0.25, 0.25]"
9,runtime,4.588672876358032
