,Metric,Value
0,RD,0.2702702702702703
1,RDg,0
2,OD,1.0
3,ODg,0.0
4,PD,0
5,ED,0.0006188295508948727
6,NDCG,0.9934586081197889
7,kendall_tau,-0.16201850294365014
8,group_counts,"[0.25, 0.25, 0.25, 0.25]"
9,runtime,2.714184522628784
