,Metric,Value
0,RD,0.2702702702702703
1,RDg,0
2,OD,1.0
3,ODg,0.0
4,PD,0
5,ED,0.0004113251443591537
6,NDCG,0.9937754701853612
7,kendall_tau,-0.12084104289318756
8,group_counts,"[0.25, 0.25, 0.25, 0.25]"
9,runtime,3.2442715167999268
