Metric,mean,std
RD,0.24324324324324315,5.851389114294502e-17
RDg,0.0,0.0
OD,1.0,0.0
ODg,0.0,0.0
PD,0.0,0.0
ED,0.00051395850752853,0.0001441714394226755
NDCG,0.9937766587460789,0.00048260854148485965
kendall_tau,-0.20804079740380152,0.019819289563671634
runtime,10.904638195037842,5.5550286760477965
