,Metric,Value
0,RD,0.2432432432432432
1,RDg,0
2,OD,1.0
3,ODg,0.0
4,PD,0
5,ED,0.0005214464207883296
6,NDCG,0.99389458042034
7,kendall_tau,-0.21098748261474268
8,group_counts,"[0.14, 0.12666666666666668, 0.12666666666666668, 0.12666666666666668, 0.12666666666666668, 0.12666666666666668, 0.12666666666666668, 0.1]"
9,runtime,13.636023759841919
