,Metric,Value
0,RD,0.2702702702702703
1,RDg,0
2,OD,1.0
3,ODg,0.0
4,PD,0
5,ED,0.0007346324187302855
6,NDCG,0.9937991097769914
7,kendall_tau,-0.15242388561816655
8,group_counts,"[0.25, 0.25, 0.25, 0.25]"
9,runtime,3.6640920639038086
