,Metric,Value
0,RD,0.05405405405405406
1,RDg,0
2,OD,0.4000000000000002
3,ODg,0.0
4,PD,0
5,ED,0.013125887802161174
6,NDCG,0.9997622643969787
7,kendall_tau,0.7584257859132512
8,group_counts,"[0.5, 0.5]"
9,runtime,0.9843194484710693
