,Metric,Value
0,RD,0.2432432432432432
1,RDg,0
2,OD,1.0
3,ODg,0.0
4,PD,0
5,ED,0.0005484011753633666
6,NDCG,0.9940183494898883
7,kendall_tau,-0.19073713490959665
8,group_counts,"[0.14, 0.12666666666666668, 0.12666666666666668, 0.12666666666666668, 0.12666666666666668, 0.12666666666666668, 0.12666666666666668, 0.1]"
9,runtime,10.049055576324463
