,Metric,Value
0,RD,0.04847396768402146
1,RDg,0
2,OD,0.28571428571428636
3,ODg,0.0
4,PD,0
5,ED,9.630237221662984
6,NDCG,0.9988963596064993
7,kendall_tau,0.5252132450331125
8,group_counts,"[0.548, 0.452]"
9,runtime,83.932
