,Metric,Value
0,RD,0.04847396768402146
1,RDg,0
2,OD,0.28571428571428636
3,ODg,0.0
4,PD,0
5,ED,9.63012910185046
6,NDCG,0.9988963226283758
7,kendall_tau,0.5252026490066225
8,group_counts,"[0.548, 0.452]"
9,runtime,98.849
