,Metric,Value
0,RD,0.04847396768402146
1,RDg,0
2,OD,0.28571428571428636
3,ODg,0.0
4,PD,0
5,ED,9.696783925383691
6,NDCG,0.9989107887909322
7,kendall_tau,0.5257854304635761
8,group_counts,"[0.548, 0.452]"
9,runtime,125.582
