Metric,mean,std
RD,0.0484739676840214,0.0
RDg,0.0,0.0
OD,0.28571428571428636,5.851389114294502e-17
ODg,0.0,0.0
PD,0.0,0.0
ED,9.663470436386799,0.03672657851524002
NDCG,0.9989035568181576,8.192872765864693e-06
kendall_tau,0.5254961589403973,0.0004397046010151223
runtime,158.43250000000003,95.16775306239212
