,Metric,Value
0,RD,0.04847396768402146
1,RDg,0
2,OD,0.28571428571428636
3,ODg,0.0
4,PD,0
5,ED,9.632382415737936
6,NDCG,0.998897020888478
7,kendall_tau,0.5253086092715231
8,group_counts,"[0.548, 0.452]"
9,runtime,294.059
