,Metric,Value
0,RD,0.04847396768402146
1,RDg,0
2,OD,0.28571428571428636
3,ODg,0.0
4,PD,0
5,ED,9.696959591651243
6,NDCG,0.9989108530009416
7,kendall_tau,0.5258066225165562
8,group_counts,"[0.548, 0.452]"
9,runtime,119.48
