,Metric,Value
0,RD,0.25556472297737154
1,RDg,0
2,OD,0.3159421371139708
3,ODg,0.0
4,PD,0
5,ED,6.951004394363629
6,NDCG,0.9943308968720878
7,kendall_tau,0.5632148900169205
8,group_counts,"[0.55, 0.45]"
9,runtime,49.111
