,Metric,Value
0,RD,0.25556472297737154
1,RDg,0
2,OD,0.3159421371139708
3,ODg,0.0
4,PD,0
5,ED,6.932510168682626
6,NDCG,0.9942855780203848
7,kendall_tau,0.5621996615905246
8,group_counts,"[0.55, 0.45]"
9,runtime,56.978
