,Metric,Value
0,RD,0.2855882567739938
1,RDg,0
2,OD,0.38696931148073294
3,ODg,0.0
4,PD,0
5,ED,3.3467898490501486
6,NDCG,0.9942144533806843
7,kendall_tau,0.47070707070707074
8,group_counts,"[0.385, 0.315, 0.3]"
9,runtime,2054.168
