,Metric,Value
0,RD,0.25556472297737154
1,RDg,0
2,OD,0.316456625859238
3,ODg,0.0
4,PD,0
5,ED,6.916055189506135
6,NDCG,0.9942515576126758
7,kendall_tau,0.5615566835871404
8,group_counts,"[0.55, 0.45]"
9,runtime,75.555
