,Metric,Value
0,RD,0.25556472297737154
1,RDg,0
2,OD,0.3161869467133048
3,ODg,0.0
4,PD,0
5,ED,6.924642384403992
6,NDCG,0.9942659554113565
7,kendall_tau,0.5617597292724197
8,group_counts,"[0.55, 0.45]"
9,runtime,60.103
