Metric,mean,std
RD,0.2555647229773715,0.0
RDg,0.0,0.0
OD,0.31609399678289096,0.0002156765137936781
ODg,0.0,0.0
PD,0.0,0.0
ED,6.9299581490592415,0.010587275205817512
NDCG,0.9942805769949544,2.419345545701154e-05
kendall_tau,0.5621150592216582,0.0005103641748838744
runtime,61.93509999999999,14.291054011746883
