,Metric,Value
0,RD,0.2855882567739938
1,RDg,0
2,OD,0.38696931148073294
3,ODg,0.0
4,PD,0
5,ED,3.361029385065031
6,NDCG,0.9942700467146459
7,kendall_tau,0.4721885521885522
8,group_counts,"[0.385, 0.315, 0.3]"
9,runtime,2394.573
