,Metric,Value
0,RD,0.25556472297737154
1,RDg,0
2,OD,0.3159421371139708
3,ODg,0.0
4,PD,0
5,ED,6.932715816943173
6,NDCG,0.9942862241646058
7,kendall_tau,0.5622165820642978
8,group_counts,"[0.55, 0.45]"
9,runtime,44.873
