,Metric,Value
0,RD,0.2855882567739938
1,RDg,0
2,OD,0.38696931148073294
3,ODg,0.0
4,PD,0
5,ED,3.352251368009396
6,NDCG,0.9942340614345747
7,kendall_tau,0.47117845117845114
8,group_counts,"[0.385, 0.315, 0.3]"
9,runtime,1987.385
