,Metric,Value
0,RD,0.2855882567739938
1,RDg,0
2,OD,0.38696931148073294
3,ODg,0.0
4,PD,0
5,ED,3.361841643053637
6,NDCG,0.9942745331609765
7,kendall_tau,0.4723905723905724
8,group_counts,"[0.385, 0.315, 0.3]"
9,runtime,2035.256
