,Metric,Value
0,RD,0.2855882567739938
1,RDg,0
2,OD,0.38696931148073294
3,ODg,0.0
4,PD,0
5,ED,3.378811450654112
6,NDCG,0.9943235434378744
7,kendall_tau,0.4735353535353536
8,group_counts,"[0.385, 0.315, 0.3]"
9,runtime,584.724
