Metric,mean,std
RD,0.2855882567739938,0.0
RDg,0.0,0.0
OD,0.3869693114807329,0.0
ODg,0.0,0.0
PD,0.0,0.0
ED,3.364820946498324,0.011358484461275695
NDCG,0.9942788155242204,3.7570172130802905e-05
kendall_tau,0.4723838383838384,0.0009848189072142934
runtime,1513.5166000000002,744.8595308802563
