,Metric,Value
0,RD,0.25556472297737154
1,RDg,0
2,OD,0.3159421371139708
3,ODg,0.0
4,PD,0
5,ED,6.929814084626592
6,NDCG,0.9942803363376468
7,kendall_tau,0.562165820642978
8,group_counts,"[0.55, 0.45]"
9,runtime,56.541
