,Metric,Value
0,RD,0.25556472297737154
1,RDg,0
2,OD,0.3161869467133048
3,ODg,0.0
4,PD,0
5,ED,6.924410305104399
6,NDCG,0.9942650996294017
7,kendall_tau,0.5617258883248731
8,group_counts,"[0.55, 0.45]"
9,runtime,51.361
