,Metric,Value
0,RD,0.05405405405405406
1,RDg,0
2,OD,0.40000000000000097
3,ODg,0.0
4,PD,0
5,ED,2.8818687726202654
6,NDCG,0.9996387411064748
7,kendall_tau,0.7253015556441963
8,group_counts,"[0.5015, 0.4985]"
9,runtime,7988.249
