,Metric,Value
0,RD,0.05405405405405406
1,RDg,0
2,OD,0.40000000000000097
3,ODg,0.0
4,PD,0
5,ED,4.2996633782618545
6,NDCG,0.9996381289969487
7,kendall_tau,0.7249936178699641
8,group_counts,"[0.5015, 0.4985]"
9,runtime,6345.475
