Metric,mean,std
RD,0.0162162162162162,0.026110588731872837
RDg,0.0,0.0
OD,0.12000000000000029,0.19321835661585965
ODg,0.0,0.0
PD,0.0,0.0
ED,0.9147933094692803,1.5737618579658086
NDCG,0.2998945406661438,0.4828760859493557
kendall_tau,-0.24835450753912944,0.6737294372722693
runtime,5414.192099999999,1239.2425824778304
