,Metric,Value
0,RD,0.05405405405405406
1,RDg,0
2,OD,0.40000000000000097
3,ODg,0.0
4,PD,0
5,ED,1.966400943810683
6,NDCG,0.9996685365580145
7,kendall_tau,0.7336043251902282
8,group_counts,"[0.504, 0.496]"
9,runtime,4816.606
