Metric,mean,std
RD,0.07001795332136461,0.0
RDg,0.0,0.0
OD,0.0,0.0
ODg,0.0,0.0
PD,0.0,0.0
ED,0.052535095331734186,7.314236392868128e-18
NDCG,1.0,0.0
kendall_tau,0.5308293785310736,1.1702778228589004e-16
runtime,0.18031392097473142,0.03328118799312683
