,Metric,Value
0,RD,0.6684981684981686
1,RDg,0
2,OD,0.0
3,ODg,0.0
4,PD,0.2222222222222222
5,ED,0.9196023389632826
6,NDCG,1.0
7,kendall_tau,-0.08200312989045383
8,group_counts,"[0.18888888888888888, 0.18888888888888888, 0.17777777777777778, 0.14444444444444443, 0.13333333333333333, 0.1111111111111111, 0.05555555555555555]"
9,runtime,1953.5733206272125
