Metric,mean,std
RD,0.6684981684981687,0.0
RDg,0.0,0.0
OD,0.0,0.0
ODg,0.0,0.0
PD,0.22222222222222227,2.925694557147251e-17
ED,0.9196023389632828,2.340555645717801e-16
NDCG,1.0,0.0
kendall_tau,-0.08200312989045379,0.0
runtime,1993.45377805233,102.3709073023437
