,Metric,Value
0,RD,0.07001795332136462
1,RDg,0
2,OD,0.0
3,ODg,0.0
4,PD,0
5,ED,0.05253509533173428
6,NDCG,1.0
7,kendall_tau,0.5308293785310735
8,group_counts,"[0.582, 0.418]"
9,runtime,0.18102073669433594
