,Metric,Value
0,RD,0.3975741553834978
1,RDg,0
2,OD,0.0
3,ODg,0.0
4,PD,0.08823529411764713
5,ED,0.06566757921549815
6,NDCG,1.0
7,kendall_tau,0.549313432835821
8,group_counts,"[0.4, 0.31, 0.29]"
9,runtime,0.13759875297546387
