,Metric,Value
0,RD,0.5313727292530507
1,RDg,0
2,OD,0.0
3,ODg,0.0
4,PD,0.1616766467065868
5,ED,0.13290499596544958
6,NDCG,1.0
7,kendall_tau,0.251072319201995
8,group_counts,"[0.2, 0.19, 0.185, 0.165, 0.14, 0.12]"
9,runtime,0.40406179428100586
