Metric,mean,std
RD,0.33802634677156357,0.0
RDg,0.0,0.0
OD,0.0,0.0
ODg,0.0,0.0
PD,0.0,0.0
ED,0.037316353307481606,7.314236392868128e-18
NDCG,1.0,0.0
kendall_tau,0.5950807635829661,0.0
runtime,0.10678076744079587,0.023030333845250876
