,Metric,Value
0,RD,0.3380263467715635
1,RDg,0
2,OD,0.0
3,ODg,0.0
4,PD,0
5,ED,0.03731635330748162
6,NDCG,1.0
7,kendall_tau,0.5950807635829662
8,group_counts,"[0.5625, 0.4375]"
9,runtime,0.10479283332824707
