Metric,mean,std
RD,0.5313727292530508,1.1702778228589004e-16
RDg,0.0,0.0
OD,0.0,0.0
ODg,0.0,0.0
PD,0.16167664670658682,2.925694557147251e-17
ED,0.13290499596544952,2.925694557147251e-17
NDCG,1.0,0.0
kendall_tau,0.2510723192019951,5.851389114294502e-17
runtime,0.3455175876617432,0.09725178678897503
