Metric,mean,std
RD,0.3975741553834978,0.0
RDg,0.0,0.0
OD,0.0,0.0
ODg,0.0,0.0
PD,0.08823529411764709,0.0
ED,0.06566757921549811,1.4628472785736255e-17
NDCG,1.0,0.0
kendall_tau,0.549313432835821,0.0
runtime,0.1167040109634399,0.025653089347910826
