Metric,mean,std
RD,0.29729729729729726,5.851389114294502e-17
RDg,0.0,0.0
OD,0.0,0.0
ODg,0.0,0.0
PD,0.0,0.0
ED,0.10509521153717569,1.4628472785736255e-17
NDCG,1.0,0.0
kendall_tau,-0.21766692728694287,2.925694557147251e-17
runtime,0.6186149597167969,0.15842331612130503
