,Metric,Value
0,RD,0.29729729729729726
1,RDg,0
2,OD,0.0
3,ODg,0.0
4,PD,0
5,ED,0.10509521153717571
6,NDCG,1.0
7,kendall_tau,-0.21766692728694292
8,group_counts,"[0.302, 0.28, 0.258, 0.16]"
9,runtime,0.6465229988098145
