,Metric,Value
0,RD,0.2432432432432432
1,RDg,0
2,OD,0.0
3,ODg,0.0
4,PD,0
5,ED,0.15034891882346724
6,NDCG,1.0
7,kendall_tau,-0.24470537634408604
8,group_counts,"[0.15666666666666668, 0.15333333333333332, 0.14666666666666667, 0.13666666666666666, 0.13, 0.13, 0.07333333333333333, 0.07333333333333333]"
9,runtime,13.828390836715698
