,Metric,Value
0,RD,0.05405405405405406
1,RDg,0
2,OD,0.0
3,ODg,0.0
4,PD,0
5,ED,0.08394986803702409
6,NDCG,1.0
7,kendall_tau,0.881484238511204
8,group_counts,"[0.53, 0.47]"
9,runtime,0.7812612056732178
