Metric,mean,std
RD,0.24324324324324315,5.851389114294502e-17
RDg,0.0,0.0
OD,0.0,0.0
ODg,0.0,0.0
PD,0.0,0.0
ED,0.1503489188234672,0.0
NDCG,1.0,0.0
kendall_tau,-0.244705376344086,2.925694557147251e-17
runtime,13.500328993797302,2.144171307294769
