Metric,mean,std
RD,0.054054054054054,0.0
RDg,0.0,0.0
OD,0.0,0.0
ODg,0.0,0.0
PD,0.0,0.0
ED,0.08394986803702399,0.0
NDCG,1.0,0.0
kendall_tau,0.881484238511204,0.0
runtime,0.948774790763855,0.22618082784818805
