,Metric,Value
0,RD,0.7179487179487178
1,RDg,0.7745302713987474
2,OD,1.0
3,ODg,1.0
4,PD,1.0
5,ED,8.81981549996675
6,NDCG,0.9014491391246289
7,kendall_tau,0.6609238451935081
8,group_counts,"[0.4444444444444444, 0.4111111111111111, 0.14444444444444443]"
9,runtime,0.0008728504180908203
