Metric,mean,std
RD,0.7989228007181328,0.0
RDg,0.8314350797266512,1.1702778228589004e-16
OD,1.0,0.0
ODg,1.0,0.0
PD,0.6079999999999999,1.1702778228589004e-16
ED,43.010529812805075,7.489778066296963e-15
NDCG,0.9446986717564025,1.1702778228589004e-16
kendall_tau,0.6324989830508476,1.1702778228589004e-16
runtime,0.00190970897674556,0.0013824631515862616
