,Metric,Value
0,RD,0.7989228007181328
1,RDg,0.8314350797266514
2,OD,1.0
3,ODg,1.0
4,PD,0.608
5,ED,43.01052981280507
6,NDCG,0.9446986717564028
7,kendall_tau,0.6324989830508475
8,group_counts,"[0.804, 0.196]"
9,runtime,0.0015819072723388672
