Metric,mean,std
RD,0.7245421245421245,0.008512051310346056
RDg,0.7903966597077243,0.020483419228375987
OD,0.9978082191780822,0.002829576873941423
ODg,1.0,0.0
PD,1.0,0.0
ED,9.341305760631894,0.6732410315884876
NDCG,0.9068997221797769,0.007036672466569723
kendall_tau,0.6593258426966292,0.002063012352536692
runtime,0.0008644580841063799,9.838520483094562e-05
