,Metric,Value
0,RD,0.7344322344322345
1,RDg,0.8141962421711899
2,OD,0.9945205479452055
3,ODg,1.0
4,PD,1.0
5,ED,10.123541151629608
6,NDCG,0.9150755967624992
7,kendall_tau,0.6569288389513107
8,group_counts,"[0.5222222222222223, 0.3888888888888889, 0.07777777777777778, 0.011111111111111112]"
9,runtime,0.0006971359252929688
