,Metric,Value
0,RD,0.9665427228439001
1,RDg,0.9964910185393134
2,OD,0.9872480727293108
3,ODg,0.9959118091935243
4,PD,0.32499999999999996
5,ED,21.02462854915347
6,NDCG,0.8522391514339963
7,kendall_tau,0.022058823529411763
8,group_counts,"[0.6625, 0.3375]"
9,runtime,0.0004696846008300781
