,Metric,Value
0,RD,1.0
1,RDg,1.0
2,OD,1.0
3,ODg,1.0
4,PD,0.5147058823529412
5,ED,17.300720625531007
6,NDCG,0.8583124130145291
7,kendall_tau,0.2907619047619048
8,group_counts,"[0.655, 0.18, 0.165]"
9,runtime,0.00044226646423339844
