,Metric,Value
0,RD,0.9919086047568741
1,RDg,1.0
2,OD,0.9952886833133926
3,ODg,1.0
4,PD,0.7005988023952096
5,ED,18.961849604879102
6,NDCG,0.8579633119037222
7,kendall_tau,0.22426729904670845
8,group_counts,"[0.575, 0.135, 0.085, 0.08, 0.075, 0.05]"
9,runtime,0.0006272792816162109
