,Metric,Value
0,RD,0.9585182207492788
1,RDg,0.9907793188623419
2,OD,0.9647413932736069
3,ODg,0.9874639725673985
4,PD,0.6470588235294118
5,ED,21.054925427805053
6,NDCG,0.8368634890462991
7,kendall_tau,0.24956777996070723
8,group_counts,"[0.705, 0.175, 0.12]"
9,runtime,0.0019409656524658203
