,Metric,Value
0,RD,0.9585182207492788
1,RDg,0.9893631283816777
2,OD,0.9647413932736069
3,ODg,1.0
4,PD,0.7604790419161677
5,ED,17.078145146117294
6,NDCG,0.8368634890462991
7,kendall_tau,0.24956777996070723
8,group_counts,"[0.53, 0.175, 0.125, 0.08, 0.05, 0.04]"
9,runtime,0.0007712841033935547
