Metric,mean,std
RD,0.9837323890014442,0.01556065291432437
RDg,0.9952333188135885,0.007118758795914076
OD,0.9956262421093243,0.010996279675241284
ODg,0.9982752655880791,0.004077055048218076
PD,0.5735294117647058,0.038598077813783375
ED,18.584763664020837,1.3497280945218844
NDCG,0.8413443231656279,0.014076834099777377
kendall_tau,0.26021727553330043,0.02702254564247277
runtime,0.0007298231124877399,0.00043926347614369073
