Metric,mean,std
RD,0.989376297727081,0.008674116685616098
RDg,0.984089433679479,0.011212253693620788
OD,0.9987248072729311,0.004032513473219236
ODg,0.9995911809193524,0.001292799445782354
PD,0.396,0.0369534241384416
ED,23.430297152807512,1.4189986223794329
NDCG,0.8504861427570043,0.010837955503895583
kendall_tau,0.06330723570387553,0.021725838739494744
runtime,0.00051169395446772,0.00010489398733437944
