,Metric,Value
0,RD,1.0
1,RDg,1.0
2,OD,1.0
3,ODg,1.0
4,PD,0.33499999999999996
5,ED,20.583701900672427
6,NDCG,0.8688259439535387
7,kendall_tau,0.04317318435754191
8,group_counts,"[0.6675, 0.3325]"
9,runtime,0.00037360191345214844
