,Metric,Value
0,RD,0.9878843129428326
1,RDg,0.9955155125940289
2,OD,1.0
3,ODg,1.0
4,PD,0.5441176470588236
5,ED,18.566842310055115
6,NDCG,0.8564559626415538
7,kendall_tau,0.30468330134357013
8,group_counts,"[0.66, 0.185, 0.155]"
9,runtime,0.0004341602325439453
