,Metric,Value
0,RD,0.9919086047568741
1,RDg,1.0
2,OD,0.9952886833133926
3,ODg,0.9952886833133926
4,PD,0.6029411764705882
5,ED,20.607155126061155
6,NDCG,0.8579633119037222
7,kendall_tau,0.22426729904670845
8,group_counts,"[0.71, 0.155, 0.135]"
9,runtime,0.0005705356597900391
