,Metric,Value
0,RD,0.9919086047568741
1,RDg,1.0
2,OD,1.0
3,ODg,1.0
4,PD,0.573529411764706
5,ED,18.075815067493313
6,NDCG,0.8297207914964966
7,kendall_tau,0.24285348467985707
8,group_counts,"[0.645, 0.21, 0.145]"
9,runtime,0.0006270408630371094
