,Metric,Value
0,RD,0.9539373779396785
1,RDg,0.9821604467088267
2,OD,1.0
3,ODg,1.0
4,PD,0.5294117647058824
5,ED,16.813182724559
6,NDCG,0.8278562292277422
7,kendall_tau,0.2705500982318271
8,group_counts,"[0.65, 0.19, 0.16]"
9,runtime,0.0006535053253173828
