,Metric,Value
0,RD,0.9878843129428326
1,RDg,0.9958510156313894
2,OD,1.0
3,ODg,1.0
4,PD,0.39
5,ED,23.544825729335198
6,NDCG,0.8637930240920233
7,kendall_tau,0.045952649379932355
8,group_counts,"[0.695, 0.305]"
9,runtime,0.00036025047302246094
