Metric,mean,std
RD,0.9893787058804273,0.01113744703394153
RDg,0.9989363128381678,0.0033636741492699953
OD,0.9960030076587,0.011083553258188232
ODg,1.0,0.0
PD,0.661676646706587,0.04004471586375023
ED,15.731679129732049,1.3250946213501433
NDCG,0.8361184754440026,0.011817291047675123
kendall_tau,0.2464571376528319,0.01685190930419048
runtime,0.00108952522277828,0.0013213251571599948
