,Metric,Value
0,RD,0.9919086047568741
1,RDg,0.975450214498783
2,OD,1.0
3,ODg,1.0
4,PD,0.42000000000000004
5,ED,24.2674982699298
6,NDCG,0.8427017139997435
7,kendall_tau,0.07932250839865622
8,group_counts,"[0.71, 0.29]"
9,runtime,0.0005271434783935547
