,Metric,Value
0,RD,1.0
1,RDg,1.0
2,OD,1.0
3,ODg,1.0
4,PD,0.6706586826347306
5,ED,14.253787294883276
6,NDCG,0.8583124130145291
7,kendall_tau,0.2907619047619048
8,group_counts,"[0.475, 0.18, 0.125, 0.085, 0.08, 0.055]"
9,runtime,0.0006606578826904297
