,Metric,Value
0,RD,0.9774409545982823
1,RDg,0.983877909970688
2,OD,0.9962323445062433
3,ODg,1.0
4,PD,0.6029411764705882
5,ED,19.201550156223757
6,NDCG,0.8571086598364454
7,kendall_tau,0.2909284332688588
8,group_counts,"[0.655, 0.21, 0.135]"
9,runtime,0.0006322860717773438
