,Metric,Value
0,RD,0.9919086047568741
1,RDg,1.0
2,OD,1.0
3,ODg,1.0
4,PD,0.6407185628742516
5,ED,15.289001321634403
6,NDCG,0.8297207914964966
7,kendall_tau,0.24285348467985707
8,group_counts,"[0.5, 0.15, 0.145, 0.08, 0.065, 0.06]"
9,runtime,0.0007240772247314453
