,Metric,Value
0,RD,0.7567567567567568
1,RDg,0.8333333333333334
2,OD,1.0
3,ODg,1.0
4,PD,0.9466666666666667
5,ED,20.961076163958445
6,NDCG,0.9323312111925642
7,kendall_tau,0.6471766029246345
8,group_counts,"[0.48333333333333334, 0.36333333333333334, 0.05333333333333334, 0.02666666666666667, 0.02666666666666667, 0.023333333333333334, 0.016666666666666666, 0.006666666666666667]"
9,runtime,0.0014202594757080078
