,Metric,Value
0,RD,0.8378378378378378
1,RDg,0.8378378378378378
2,OD,1.0
3,ODg,1.0
4,PD,0.138
5,ED,29.310966812480686
6,NDCG,0.9637140032162909
7,kendall_tau,0.49100070984915706
8,group_counts,"[0.569, 0.431]"
9,runtime,0.0015516281127929688
