,Metric,Value
0,RD,0.8783783783783784
1,RDg,0.9027777777777778
2,OD,1.0
3,ODg,1.0
4,PD,0.134
5,ED,29.5081241775422
6,NDCG,0.9632501885219625
7,kendall_tau,0.48962239999999996
8,group_counts,"[0.567, 0.433]"
9,runtime,0.0017273426055908203
