,Metric,Value
0,RD,0.8918918918918919
1,RDg,0.9354838709677419
2,OD,1.0
3,ODg,1.0
4,PD,0.8240000000000001
5,ED,55.98342982165415
6,NDCG,0.9522097727820938
7,kendall_tau,0.6248119484046164
8,group_counts,"[0.838, 0.062, 0.056, 0.044]"
9,runtime,0.001222848892211914
