,Metric,Value
0,RD,0.7432432432432432
1,RDg,0.7580645161290323
2,OD,0.9818181818181818
3,ODg,1.0
4,PD,0.8160000000000001
5,ED,57.139448492618314
6,NDCG,0.94708365043151
7,kendall_tau,0.6077712729748127
8,group_counts,"[0.85, 0.056, 0.048, 0.046]"
9,runtime,0.0014848709106445312
