Metric,mean,std
RD,0.7837837837837837,0.03822198817224582
RDg,0.869293985584308,0.07236519175812693
OD,1.0,0.0
ODg,1.0,0.0
PD,0.9253333333333333,0.0393527886598732
ED,23.01042685258192,1.3343448937442028
NDCG,0.9442055315605247,0.004726573412675826
kendall_tau,0.6385717526256705,0.010742534084494864
runtime,0.0014550924301146898,8.938400185535655e-05
