,Metric,Value
0,RD,0.8648648648648649
1,RDg,0.8888888888888888
2,OD,1.0
3,ODg,1.0
4,PD,0.132
5,ED,28.09389448863989
6,NDCG,0.9653900842239254
7,kendall_tau,0.48776668436891485
8,group_counts,"[0.566, 0.434]"
9,runtime,0.0017426013946533203
