,Metric,Value
0,RD,0.7837837837837838
1,RDg,0.8928571428571428
2,OD,1.0
3,ODg,1.0
4,PD,0.9466666666666667
5,ED,23.89280253278095
6,NDCG,0.9456269376630665
7,kendall_tau,0.6314092446448702
8,group_counts,"[0.5066666666666667, 0.35, 0.04, 0.03, 0.02666666666666667, 0.02666666666666667, 0.013333333333333334, 0.006666666666666667]"
9,runtime,0.0013995170593261719
