,Metric,Value
0,RD,0.7432432432432432
1,RDg,0.7846153846153847
2,OD,1.0
3,ODg,1.0
4,PD,0.92
5,ED,24.127879136957414
6,NDCG,0.9477867394306407
7,kendall_tau,0.647601945379723
8,group_counts,"[0.5033333333333333, 0.37, 0.03, 0.03, 0.023333333333333334, 0.02, 0.013333333333333334, 0.01]"
9,runtime,0.0014526844024658203
