,Metric,Value
0,RD,0.8243243243243243
1,RDg,1.0
2,OD,1.0
3,ODg,1.0
4,PD,0.92
5,ED,24.478236428852064
6,NDCG,0.9459388477898822
7,kendall_tau,0.6215933859451334
8,group_counts,"[0.5133333333333333, 0.35, 0.04666666666666667, 0.02666666666666667, 0.02, 0.016666666666666666, 0.016666666666666666, 0.01]"
9,runtime,0.0014126300811767578
