,Metric,Value
0,RD,0.7297297297297297
1,RDg,0.8620689655172413
2,OD,1.0
3,ODg,1.0
4,PD,0.864
5,ED,58.05946763091219
6,NDCG,0.949743522698464
7,kendall_tau,0.6245532203389832
8,group_counts,"[0.854, 0.072, 0.04, 0.034]"
9,runtime,0.001417398452758789
