,Metric,Value
0,RD,0.8378378378378378
1,RDg,0.8378378378378378
2,OD,1.0
3,ODg,1.0
4,PD,0.15400000000000003
5,ED,34.663072886662874
6,NDCG,0.9646766125138634
7,kendall_tau,0.4720512
8,group_counts,"[0.577, 0.423]"
9,runtime,0.0019884109497070312
