Metric,mean,std
RD,0.8040540540540542,0.05489215138267541
RDg,0.8857202447163515,0.08368903589479926
OD,0.9963636363636365,0.007666127661014256
ODg,1.0,0.0
PD,0.8503999999999999,0.023866294224282047
ED,57.70054845253767,1.0605140563045512
NDCG,0.9516528895050428,0.0038606996014629914
kendall_tau,0.6155904935734571,0.01097619452618286
runtime,0.0015003919601440001,0.0001786523883970745
