,Metric,Value
0,RD,0.7837837837837838
1,RDg,0.903225806451613
2,OD,1.0
3,ODg,1.0
4,PD,0.864
5,ED,57.16191092851356
6,NDCG,0.9480089523482531
7,kendall_tau,0.5947219578518015
8,group_counts,"[0.856, 0.064, 0.046, 0.034]"
9,runtime,0.0019190311431884766
