,Metric,Value
0,RD,0.9324324324324325
1,RDg,0.9583333333333333
2,OD,1.0
3,ODg,1.0
4,PD,0.10699999999999998
5,ED,24.92039410724115
6,NDCG,0.9656177621784834
7,kendall_tau,0.4838208
8,group_counts,"[0.5535, 0.4465]"
9,runtime,0.0015497207641601562
