,Metric,Value
0,RD,0.8378378378378378
1,RDg,0.903225806451613
2,OD,1.0
3,ODg,1.0
4,PD,0.9733333333333334
5,ED,22.765742635964436
6,NDCG,0.9431186253343652
7,kendall_tau,0.6426681531029358
8,group_counts,"[0.51, 0.35333333333333333, 0.04, 0.03333333333333333, 0.023333333333333334, 0.02, 0.016666666666666666, 0.0033333333333333335]"
9,runtime,0.0014965534210205078
