,Metric,Value
0,RD,0.7837837837837838
1,RDg,0.9354838709677419
2,OD,1.0
3,ODg,1.0
4,PD,0.84
5,ED,21.326856328534127
6,NDCG,0.9469441726976333
7,kendall_tau,0.6374111485222596
8,group_counts,"[0.44, 0.36333333333333334, 0.05, 0.04, 0.03666666666666667, 0.02666666666666667, 0.023333333333333334, 0.02]"
9,runtime,0.0014619827270507812
