,Metric,Value
0,RD,0.7837837837837838
1,RDg,0.8620689655172413
2,OD,1.0
3,ODg,1.0
4,PD,0.84
5,ED,56.768846592200994
6,NDCG,0.9556186852051283
7,kendall_tau,0.6104669843430905
8,group_counts,"[0.838, 0.076, 0.046, 0.04]"
9,runtime,0.0014579296112060547
