,Metric,Value
0,RD,0.8513513513513513
1,RDg,0.8749999999999999
2,OD,1.0
3,ODg,1.0
4,PD,0.864
5,ED,57.733684558533554
6,NDCG,0.9588613317628331
7,kendall_tau,0.6131681415929203
8,group_counts,"[0.848, 0.062, 0.056, 0.034]"
9,runtime,0.001497507095336914
