Metric,mean,std
RD,0.8716216216216216,0.03503682249122529
RDg,0.8888513513513512,0.04429268601843215
OD,1.0,0.0
ODg,1.0,0.0
PD,0.13219999999999998,0.015838069467092434
ED,29.03616029323905,3.350838720560081
NDCG,0.9649113278018648,0.0008312027635295014
kendall_tau,0.4843433847324817,0.006845969634327242
runtime,0.0017544031143188101,0.00016613550886809415
