,Metric,Value
0,RD,0.7837837837837838
1,RDg,0.8709677419354839
2,OD,1.0
3,ODg,1.0
4,PD,0.8933333333333333
5,ED,21.53017438889253
6,NDCG,0.9416166773014496
7,kendall_tau,0.6199850018747657
8,group_counts,"[0.47333333333333333, 0.37333333333333335, 0.04666666666666667, 0.03, 0.02666666666666667, 0.02, 0.016666666666666666, 0.013333333333333334]"
9,runtime,0.0013098716735839844
