,Metric,Value
0,RD,0.8378378378378378
1,RDg,0.903225806451613
2,OD,1.0
3,ODg,1.0
4,PD,0.872
5,ED,59.31198427855868
6,NDCG,0.9508992727475333
7,kendall_tau,0.632618501012829
8,group_counts,"[0.872, 0.06, 0.036, 0.032]"
9,runtime,0.0013949871063232422
