,Metric,Value
0,RD,0.8378378378378378
1,RDg,1.0
2,OD,1.0
3,ODg,1.0
4,PD,0.872
5,ED,58.8536318648835
6,NDCG,0.9535100283215506
7,kendall_tau,0.6200108181203516
8,group_counts,"[0.86, 0.054, 0.054, 0.032]"
9,runtime,0.0015799999237060547
