Metric,mean,std
RD,0.0,0.0
RDg,0.0,0.0
OD,0.0,0.0
ODg,0.0,0.0
PD,0.6079999999999999,1.1702778228589004e-16
ED,45.34229116232577,7.489778066296963e-15
NDCG,1.0,0.0
kendall_tau,1.0,0.0
runtime,0.00672953128814691,0.0015458439649123218
