Metric,mean,std
RD,0.0,0.0
RDg,0.0,0.0
OD,0.0,0.0
ODg,0.0,0.0
PD,1.0,0.0
ED,12.48208416059831,1.8724445165742407e-15
NDCG,1.0,0.0
kendall_tau,1.0,0.0
runtime,0.005355811119079539,0.0011138231802805107
