,Metric,Value
0,RD,0
1,RDg,0
2,OD,0.0
3,ODg,0.0
4,PD,1.0
5,ED,12.482084160598312
6,NDCG,1.0
7,kendall_tau,1.0
8,group_counts,"[0.6222222222222222, 0.2111111111111111, 0.15555555555555556, 0.011111111111111112]"
9,runtime,0.0056536197662353516
