,Metric,Value
0,RD,0
1,RDg,0
2,OD,0.0
3,ODg,0.0
4,PD,0.8502994011976048
5,ED,17.10468627819464
6,NDCG,1.0
7,kendall_tau,1.0
8,group_counts,"[0.53, 0.235, 0.1, 0.06, 0.05, 0.025]"
9,runtime,0.0010256767272949219
