,Metric,Value
0,RD,0
1,RDg,0
2,OD,0.0
3,ODg,0.0
4,PD,0.5800000000000001
5,ED,34.19533457551528
6,NDCG,1.0
7,kendall_tau,1.0
8,group_counts,"[0.79, 0.21]"
9,runtime,0.0008308887481689453
