Metric,mean,std
RD,0.0,0.0
RDg,0.0,0.0
OD,0.0,0.0
ODg,0.0,0.0
PD,0.7794117647058824,0.0
ED,18.36159332527239,0.0
NDCG,1.0,0.0
kendall_tau,1.0,0.0
runtime,0.00109572410583491,8.564009521290966e-05
