,Metric,Value
0,RD,0
1,RDg,0
2,OD,0.0
3,ODg,0.0
4,PD,0.7794117647058824
5,ED,18.361593325272388
6,NDCG,1.0
7,kendall_tau,1.0
8,group_counts,"[0.63, 0.295, 0.075]"
9,runtime,0.0012137889862060547
