Metric,mean,std
RD,0.0,0.0
RDg,0.0,0.0
OD,0.0,0.0
ODg,0.0,0.0
PD,0.5800000000000001,0.0
ED,34.19533457551528,0.0
NDCG,1.0,0.0
kendall_tau,1.0,0.0
runtime,0.00092604160308833,9.216244167111045e-05
