Metric,mean,std
RD,0.0,0.0
RDg,0.0,0.0
OD,0.0,0.0
ODg,0.0,0.0
PD,0.8502994011976048,0.0
ED,17.104686278194638,0.0
NDCG,1.0,0.0
kendall_tau,1.0,0.0
runtime,0.00102622509002681,0.00010549357136461927
