Metric,mean,std
RD,0.0,0.0
RDg,0.0,0.0
OD,0.0,0.0
ODg,0.0,0.0
PD,1.0,0.0
ED,27.570575773319213,3.744889033148481e-15
NDCG,1.0,0.0
kendall_tau,1.0,0.0
runtime,0.01654937267303462,0.006292061424508326
