,Metric,Value
0,RD,0
1,RDg,0
2,OD,0
3,ODg,0
4,PD,1.0
5,ED,27.57057577331922
6,NDCG,1.0
7,kendall_tau,1.0
8,group_counts,"[0.5966666666666667, 0.3433333333333333, 0.023333333333333334, 0.016666666666666666, 0.013333333333333334, 0.006666666666666667]"
9,runtime,0.006789684295654297
