Metric,mean,std
RD,0.0,0.0
RDg,0.0,0.0
OD,0.0,0.0
ODg,0.0,0.0
PD,0.25700000000000006,0.0
ED,58.81825793345705,0.0
NDCG,1.0,0.0
kendall_tau,1.0,0.0
runtime,0.006381464004516569,0.0005130280917107164
