Metric,mean,std
RD,0.0,0.0
RDg,0.0,0.0
OD,0.0,0.0
ODg,0.0,0.0
PD,0.9920000000000002,2.340555645717801e-16
ED,66.26061734332526,1.4979556132593925e-14
NDCG,1.0,0.0
kendall_tau,1.0,0.0
runtime,0.00549213886260983,0.0002847845817209105
