,Metric,Value
0,RD,0
1,RDg,0
2,OD,0.0
3,ODg,0.0
4,PD,0.992
5,ED,66.26061734332525
6,NDCG,1.0
7,kendall_tau,0.9999999999999999
8,group_counts,"[0.94, 0.038, 0.02, 0.002]"
9,runtime,0.00512242317199707
