,Metric,Value
0,RD,0
1,RDg,0
2,OD,0.0
3,ODg,0.0
4,PD,0.257
5,ED,58.81825793345705
6,NDCG,1.0
7,kendall_tau,1.0
8,group_counts,"[0.6285, 0.3715]"
9,runtime,0.006442070007324219
