,Metric,Value
0,RD,0
1,RDg,0
2,OD,0.0
3,ODg,0.0
4,PD,0.28
5,ED,3.390749647730036
6,NDCG,1.0
7,kendall_tau,1.0
8,group_counts,"[0.29, 0.29, 0.24, 0.18]"
9,runtime,0.0005786418914794922
