,Metric,Value
0,RD,0
1,RDg,0
2,OD,0.0
3,ODg,0.0
4,PD,0.24
5,ED,3.2312332348298582
6,NDCG,1.0
7,kendall_tau,1.0
8,group_counts,"[0.3, 0.29, 0.22, 0.19]"
9,runtime,0.0005109310150146484
