,Metric,Value
0,RD,0
1,RDg,0
2,OD,0.0
3,ODg,0.0
4,PD,0.3699999999999999
5,ED,5.032137722774303
6,NDCG,1.0
7,kendall_tau,1.0
8,group_counts,"[0.195, 0.125, 0.12, 0.12, 0.11, 0.095, 0.09, 0.075, 0.07]"
9,runtime,0.0005364418029785156
