,Metric,Value
0,RD,0
1,RDg,0
2,OD,0.0
3,ODg,0.0
4,PD,0.6399999999999999
5,ED,4.598136982746912
6,NDCG,1.0
7,kendall_tau,1.0
8,group_counts,"[0.25, 0.14, 0.14, 0.11, 0.09, 0.08, 0.08, 0.07, 0.04]"
9,runtime,0.0005464553833007812
