,Metric,Value
0,RD,0.10821643286573157
1,RDg,0
2,OD,0.5285714285714286
3,ODg,0.0
4,PD,0
5,ED,0.00014289414810342294
6,NDCG,0.9972445049760834
7,kendall_tau,0.6229565217391303
8,group_counts,"[0.25, 0.25, 0.25, 0.25]"
9,runtime,0.2880535125732422
