,Metric,Value
0,RD,0.3046092184368737
1,RDg,0
2,OD,0.0
3,ODg,0.0
4,PD,0.27999999999999997
5,ED,0.21938884449758556
6,NDCG,1.0
7,kendall_tau,0.6704761904761904
8,group_counts,"[0.14, 0.13, 0.13, 0.12, 0.12, 0.1, 0.09, 0.09, 0.08]"
9,runtime,0.020542144775390625
