,Metric,Value
0,RD,0.16032064128256507
1,RDg,0
2,OD,0.0
3,ODg,0.0
4,PD,0.14
5,ED,0.035462252150283646
6,NDCG,1.0
7,kendall_tau,0.8416058394160583
8,group_counts,"[0.57, 0.43]"
9,runtime,0.016393661499023438
