,Metric,Value
0,RD,0.16032064128256507
1,RDg,0
2,OD,0.0
3,ODg,0.0
4,PD,0.19999999999999996
5,ED,0.12727516057537525
6,NDCG,1.0
7,kendall_tau,0.9060162601626017
8,group_counts,"[0.29, 0.27, 0.24, 0.2]"
9,runtime,0.10259103775024414
