,Metric,Value
0,RD,0.19238476953907813
1,RDg,0
2,OD,0.0
3,ODg,0.0
4,PD,0.24
5,ED,0.16239204080351133
6,NDCG,1.0
7,kendall_tau,0.8999999999999999
8,group_counts,"[0.31, 0.25, 0.25, 0.19]"
9,runtime,0.019000768661499023
