,Metric,Value
0,RD,0.46693386773547085
1,RDg,0
2,OD,0.0
3,ODg,0.0
4,PD,0.2349999999999999
5,ED,0.14942155257847656
6,NDCG,1.0
7,kendall_tau,0.8006513409961685
8,group_counts,"[0.14, 0.125, 0.12, 0.12, 0.115, 0.1, 0.1, 0.095, 0.085]"
9,runtime,9.43395733833313
