,Metric,Value
0,RD,0.4829659318637274
1,RDg,0
2,OD,0.0
3,ODg,0.0
4,PD,0.27999999999999997
5,ED,0.24665781626111816
6,NDCG,1.0
7,kendall_tau,0.7876045627376426
8,group_counts,"[0.145, 0.125, 0.12, 0.12, 0.115, 0.1, 0.1, 0.095, 0.08]"
9,runtime,0.0163419246673584
