,Metric,Value
0,RD,0.3186372745490982
1,RDg,0
2,OD,0.0
3,ODg,0.0
4,PD,0.27999999999999997
5,ED,0.16187731132329075
6,NDCG,1.0
7,kendall_tau,0.6704761904761904
8,group_counts,"[0.15, 0.13, 0.13, 0.12, 0.12, 0.1, 0.09, 0.08, 0.08]"
9,runtime,1.8295090198516846
