,Metric,Value
0,RD,0.07815631262525058
1,RDg,0
2,OD,0.3064516129032261
3,ODg,0.0
4,PD,0
5,ED,0.0002429860123909222
6,NDCG,0.9989023153485425
7,kendall_tau,0.8164102564102564
8,group_counts,"[0.25, 0.25, 0.25, 0.25]"
9,runtime,0.17258620262145996
