,Metric,Value
0,RD,0.08617234468937873
1,RDg,0
2,OD,0.35714285714285704
3,ODg,0.0
4,PD,0
5,ED,0.0003072710277383095
6,NDCG,0.999360165929061
7,kendall_tau,0.846829268292683
8,group_counts,"[0.5, 0.5]"
9,runtime,0.056416988372802734
