,Metric,Value
0,RD,0.33266533066132264
1,RDg,0
2,OD,0.6461538461538462
3,ODg,0.0
4,PD,0.00999999999999994
5,ED,0.0004085060667136098
6,NDCG,0.9891346693498234
7,kendall_tau,0.5112345679012346
8,group_counts,"[0.12, 0.11, 0.11, 0.11, 0.11, 0.11, 0.11, 0.11, 0.11]"
9,runtime,3.14233136177063
