,Metric,Value
0,RD,0.16232464929859713
1,RDg,0
2,OD,0.0
3,ODg,0.0
4,PD,0.19999999999999996
5,ED,0.15320877568677282
6,NDCG,1.0
7,kendall_tau,0.9123199999999999
8,group_counts,"[0.3, 0.25, 0.25, 0.2]"
9,runtime,0.08712053298950195
