,Metric,Value
0,RD,0.4652014652014652
1,RDg,0
2,OD,0.2773722627737227
3,ODg,0.0
4,PD,0.06666666666666662
5,ED,1.4464049267832877
6,NDCG,0.9937751680065569
7,kendall_tau,0.08653733098177543
8,group_counts,"[0.14444444444444443, 0.14444444444444443, 0.14444444444444443, 0.14444444444444443, 0.14444444444444443, 0.14444444444444443, 0.13333333333333333]"
9,runtime,0.0374150276184082
