,Metric,Value
0,RD,0.05924596050269293
1,RDg,0
2,OD,0.2970297029702982
3,ODg,0.0
4,PD,0
5,ED,0.7623231946674025
6,NDCG,0.9978455136803461
7,kendall_tau,0.5149688667496887
8,group_counts,"[0.5, 0.5]"
9,runtime,0.0470123291015625
