Metric,mean,std
RD,0.4652014652014652,0.0
RDg,0.0,0.0
OD,0.2773722627737226,5.851389114294502e-17
ODg,0.0,0.0
PD,0.06666666666666661,1.4628472785736255e-17
ED,1.4464049267832877,0.0
NDCG,0.9937751680065569,0.0
kendall_tau,0.0865373309817754,0.0
runtime,0.04379875659942622,0.00823142656979572
