Metric,mean,std
RD,0.059245960502692915,7.314236392868128e-18
RDg,0.0,0.0
OD,0.2970297029702982,0.0
ODg,0.0,0.0
PD,0.0,0.0
ED,0.7623231946674025,0.0
NDCG,0.9978455136803459,1.1702778228589004e-16
kendall_tau,0.5149688667496887,0.0
runtime,0.03551886081695553,0.009293054129957286
