,Metric,Value
0,RD,0.2886134010428406
1,RDg,0
2,OD,0.026468775566840443
3,ODg,0.0
4,PD,0
5,ED,7.398942371077855
6,NDCG,0.9997145194263417
7,kendall_tau,0.698906497622821
8,group_counts,"[0.5, 0.5]"
9,runtime,0.01766681671142578
