Metric,mean,std
RD,0.4828885752168598,0.0
RDg,0.0,0.0
OD,0.2933462725554721,0.0
ODg,0.0,0.0
PD,0.0119760479041916,0.0
ED,2.3629416812068,4.681111291435602e-16
NDCG,0.9908972726433396,1.1702778228589004e-16
kendall_tau,0.309299191374663,0.0
runtime,0.02991120815277093,0.014971487809919326
