Metric,mean,std
RD,0.28861340104284056,0.0
RDg,0.0,0.0
OD,0.0264687755668404,0.0
ODg,0.0,0.0
PD,0.0,0.0
ED,7.398942371077853,9.362222582871203e-16
NDCG,0.9997145194263416,0.0
kendall_tau,0.6989064976228211,0.0
runtime,0.01325645446777338,0.0023307674617770004
