Metric,mean,std
RD,0.34268777615065654,5.851389114294502e-17
RDg,0.0,0.0
OD,0.1059528730795383,0.0
ODg,0.0,0.0
PD,0.0,0.0
ED,2.5829757211192885,4.681111291435602e-16
NDCG,0.9983755456501899,1.1702778228589004e-16
kendall_tau,0.5714241486068111,1.1702778228589004e-16
runtime,0.017396855354309033,0.008228728175064851
