,Metric,Value
0,RD,0.3426877761506566
1,RDg,0
2,OD,0.1059528730795383
3,ODg,0.0
4,PD,0
5,ED,2.582975721119288
6,NDCG,0.9983755456501899
7,kendall_tau,0.5714241486068112
8,group_counts,"[0.34, 0.34, 0.32]"
9,runtime,0.01849198341369629
