,Metric,Value
0,RD,0.4828885752168598
1,RDg,0
2,OD,0.2933462725554721
3,ODg,0.0
4,PD,0.011976047904191626
5,ED,2.3629416812068005
6,NDCG,0.9908972726433398
7,kendall_tau,0.30929919137466305
8,group_counts,"[0.17, 0.17, 0.165, 0.165, 0.165, 0.165]"
9,runtime,0.018598079681396484
