,Metric,Value
0,RD,0.05405405405405406
1,RDg,0
2,OD,0.0
3,ODg,0.0
4,PD,0
5,ED,0.7393439853132691
6,NDCG,1.0
7,kendall_tau,0.7715614803024274
8,group_counts,"[0.5, 0.5]"
9,runtime,0.07747292518615723
