Metric,mean,std
RD,0.054054054054054,0.0
RDg,0.0,0.0
OD,0.0,0.0
ODg,0.0,0.0
PD,0.0,0.0
ED,0.7393439853132691,0.0
NDCG,1.0,0.0
kendall_tau,0.7715614803024274,0.0
runtime,0.07527136802673336,0.009606992119023616
