Metric,mean,std
RD,0.27027027027027023,0.0
RDg,0.0,0.0
OD,0.19999999999999998,0.0
ODg,0.0,0.0
PD,0.0,0.0
ED,9.911270584510644,0.0
NDCG,0.9999333620092326,1.1702778228589004e-16
kendall_tau,-0.13275693860386878,2.925694557147251e-17
runtime,0.07014520168304439,0.020728202974231138
