Metric,mean,std
RD,0.24324324324324315,5.851389114294502e-17
RDg,0.0,0.0
OD,0.22222222222222227,2.925694557147251e-17
ODg,0.0,0.0
PD,0.013333333333333298,0.0
ED,5.918144067970368,0.0
NDCG,0.9998403097147939,1.1702778228589004e-16
kendall_tau,-0.21935095039406577,2.925694557147251e-17
runtime,0.10859403610229487,0.021605926928277817
