,Metric,Value
0,RD,0.2432432432432432
1,RDg,0
2,OD,0.22222222222222227
3,ODg,0.0
4,PD,0.013333333333333308
5,ED,5.918144067970368
6,NDCG,0.9998403097147939
7,kendall_tau,-0.2193509503940658
8,group_counts,"[0.12666666666666668, 0.12666666666666668, 0.12666666666666668, 0.12666666666666668, 0.12333333333333334, 0.12333333333333334, 0.12333333333333334, 0.12333333333333334]"
9,runtime,0.11120128631591797
