,Metric,Value
0,RD,0.2702702702702703
1,RDg,0
2,OD,0.2
3,ODg,0.0
4,PD,0
5,ED,9.911270584510644
6,NDCG,0.9999333620092326
7,kendall_tau,-0.1327569386038688
8,group_counts,"[0.25, 0.25, 0.25, 0.25]"
9,runtime,0.0631103515625
